Produits;reference;type_operation;montant;customer_fee;tva;tta;cte;mttc;commissions;age;dev;ncp;suf;dco;ope;mvt;ser;dva;din;mon;sen;lib;exo;pie
JUBA EXPRESS;JUB-ENV-001;ENVOI;62500.00;2250.00;433.12;550.00;0.00;65733.12;325.00;001;XAF;100001;001;21/08/2026;OP0001;C;ERA;21/08/2026;21/08/2026;62500.00;E;ENVOI JUB-ENV-001;;PIE0001
JUBA EXPRESS;JUB-ENV-002;ENVOI;75000.00;2500.00;481.25;600.00;0.00;78581.25;350.00;002;XAF;100002;001;22/08/2026;OP0002;C;ERA;22/08/2026;22/08/2026;75000.00;E;ENVOI JUB-ENV-002;;PIE0002
JUBA EXPRESS;JUB-ENV-003;ENVOI;87500.00;2750.00;529.38;650.00;0.00;91429.38;375.00;003;XAF;100003;001;23/08/2026;OP0003;C;ERA;23/08/2026;23/08/2026;87500.00;E;ENVOI JUB-ENV-003;;PIE0003
JUBA EXPRESS;JUB-ENV-004;ENVOI;100000.00;3000.00;577.50;700.00;0.00;104277.50;400.00;004;XAF;100004;001;24/08/2026;OP0004;C;ERA;24/08/2026;24/08/2026;100000.00;E;ENVOI JUB-ENV-004;;PIE0004
JUBA EXPRESS;JUB-ENV-005;ENVOI;112500.00;3250.00;625.62;750.00;0.00;117125.62;425.00;005;XAF;100005;001;25/08/2026;OP0005;C;ERA;25/08/2026;25/08/2026;112500.00;E;ENVOI JUB-ENV-005;;PIE0005
JUBA EXPRESS;JUB-ENV-006;ENVOI;125000.00;3500.00;673.75;800.00;0.00;129973.75;450.00;006;XAF;100006;001;26/08/2026;OP0006;C;ERA;26/08/2026;26/08/2026;125000.00;E;ENVOI JUB-ENV-006;;PIE0006
JUBA EXPRESS;JUB-ENV-007;ENVOI;137500.00;3750.00;721.88;850.00;0.00;142821.88;475.00;007;XAF;100007;001;27/08/2026;OP0007;C;ERA;27/08/2026;27/08/2026;137500.00;E;ENVOI JUB-ENV-007;;PIE0007
JUBA EXPRESS;JUB-ENV-008;ENVOI;150000.00;4000.00;770.00;900.00;0.00;156345.00;500.00;008;XAF;100008;001;28/08/2026;OP0008;C;ERA;28/08/2026;28/08/2026;150000.00;E;ENVOI JUB-ENV-008;;PIE0008
JUBA EXPRESS;JUB-ENV-009;ENVOI;162500.00;4250.00;818.12;950.00;0.00;168518.12;525.00;009;XAF;100009;001;29/08/2026;OP0009;C;ERA;29/08/2026;29/08/2026;162500.00;E;ENVOI JUB-ENV-009;;PIE0009
JUBA EXPRESS;JUB-ENV-999;ENVOI;175000.00;4500.00;866.25;1000.00;0.00;181366.25;550.00;010;XAF;100010;001;20/08/2026;OP0010;C;ERA;20/08/2026;20/08/2026;175000.00;E;ENVOI JUB-ENV-999;;PIE0010
