reference;produit;type_operation;montant;tva;tta;cte;mttc;date_transaction;devise;ncp;age;piece;nom_client;pays_destination;agence_envoi;nom_caissiere;frais_envoi
JUB-ENV-001;JUBA EXPRESS;ENVOI;62500.00;433.12;550.00;0.00;65733.12;21/08/2026;XAF;100001;001;PIE0001;Client JUBA_EXPRESS 01;CAMEROUN;Agence 1;Caissiere 1;2250.00
JUB-ENV-002;JUBA EXPRESS;ENVOI;75000.00;481.25;600.00;0.00;78581.25;22/08/2026;XAF;100002;002;PIE0002;Client JUBA_EXPRESS 02;FRANCE;Agence 2;Caissiere 2;2500.00
JUB-ENV-003;JUBA EXPRESS;ENVOI;87500.00;529.38;650.00;0.00;91429.38;23/08/2026;XAF;100003;003;PIE0003;Client JUBA_EXPRESS 03;CAMEROUN;Agence 3;Caissiere 3;2750.00
JUB-ENV-004;JUBA EXPRESS;ENVOI;100000.00;577.50;700.00;0.00;104277.50;24/08/2026;XAF;100004;004;PIE0004;Client JUBA_EXPRESS 04;FRANCE;Agence 4;Caissiere 4;3000.00
JUB-ENV-005;JUBA EXPRESS;ENVOI;112500.00;625.62;750.00;0.00;117125.62;25/08/2026;XAF;100005;005;PIE0005;Client JUBA_EXPRESS 05;CAMEROUN;Agence 5;Caissiere 1;3250.00
JUB-ENV-006;JUBA EXPRESS;ENVOI;125000.00;673.75;800.00;0.00;129973.75;26/08/2026;XAF;100006;006;PIE0006;Client JUBA_EXPRESS 06;FRANCE;Agence 1;Caissiere 2;3500.00
JUB-ENV-007;JUBA EXPRESS;ENVOI;137500.00;721.88;850.00;0.00;142821.88;27/08/2026;XAF;100007;007;PIE0007;Client JUBA_EXPRESS 07;CAMEROUN;Agence 2;Caissiere 3;3750.00
JUB-ENV-008;JUBA EXPRESS;ENVOI;150000.00;770.00;900.00;0.00;155670.00;28/08/2026;XAF;100008;008;PIE0008;Client JUBA_EXPRESS 08;FRANCE;Agence 3;Caissiere 4;4000.00
JUB-ENV-009;JUBA EXPRESS;ENVOI;162500.00;818.12;950.00;0.00;168518.12;29/08/2026;XAF;100009;009;PIE0009;Client JUBA_EXPRESS 09;CAMEROUN;Agence 4;Caissiere 1;4250.00
JUB-ENV-010;JUBA EXPRESS;ENVOI;175000.00;866.25;1000.00;0.00;181366.25;20/08/2026;XAF;100010;010;PIE0010;Client JUBA_EXPRESS 10;FRANCE;Agence 5;Caissiere 2;4500.00
